,Feature,Coefficient,Abs_Coefficient
30,activity_year_2019,0.039424488317375196,0.039424488317375196
15,activity_year_2020,0.12816652295827927,0.12816652295827927
9,activity_year_2021,0.1717682136963007,0.1717682136963007
4,activity_year_2022,-0.354838079,0.35483807926832367
19,applicant_age_<25,-0.081662442,0.081662442
72,applicant_age_>74,-0.009917111,0.009917111
11,applicant_age_25-34,0.15997954403812661,0.15997954403812661
25,applicant_age_35-44,-0.052058792,0.052058792
8,applicant_age_45-54,-0.183977109,0.18397710932344777
16,applicant_age_55-64,-0.11673239,0.11673239021542282
65,applicant_age_65-74,-0.012472962,0.012472962302335043
501,applicant_age_9999,-5.46E-06,5.457460265606933e-06
540,county_code_00071,7.590034198482381e-07,7.590034198482381e-07
548,county_code_00073,5.547782609924915e-07,5.547782609924915e-07
476,county_code_00075,-1.11E-05,1.1064703679080413e-05
524,county_code_00079,1.1547452128636397e-06,1.1547452128636397e-06
534,county_code_00170,9.383946838606654e-07,9.383946838606654e-07
559,county_code_01021,0,0
512,county_code_01045,1.6342104932484166e-06,1.6342104932484166e-06
516,county_code_01069,1.3831090162746054e-06,1.3831090162746054e-06
527,county_code_01073,1.0791393376400059e-06,1.0791393376400059e-06
535,county_code_01083,9.078847295462717e-07,9.078847295462717e-07
565,county_code_01089,0,0
506,county_code_01117,2.8929850975722666e-06,2.8929850975722666e-06
514,county_code_01127,1.5807410410855455e-06,1.5807410410855455e-06
468,county_code_04013,-1.89E-05,1.885608882110854e-05
492,county_code_05053,-9.02E-06,9.024942555494965e-06
553,county_code_05059,3.6003013966517593e-07,3.6003013966517593e-07
569,county_code_05073,0,0
539,county_code_05091,8.084653541098812e-07,8.084653541098812e-07
522,county_code_05115,1.1896039049638589e-06,1.1896039049638589e-06
136,county_code_06001,0.003666301,0.003666301
464,county_code_06003,-2.48E-05,2.4841859161020002e-05
278,county_code_06005,0.000808106,0.000808106
138,county_code_06007,0.003606883,0.003606883
269,county_code_06009,0.000854184,0.000854184
356,county_code_06011,0.000345005,0.000345005
69,county_code_06013,0.010521914,0.010521914
374,county_code_06015,-0.000279359,0.000279359
181,county_code_06017,0.002249212,0.002249212
51,county_code_06019,0.016471971,0.016471971
344,county_code_06021,0.00040206,0.00040206
246,county_code_06023,0.001126199,0.001126199
457,county_code_06025,-3.84E-05,3.8384488319782265e-05
458,county_code_06027,-3.35E-05,3.353386927451794e-05
40,county_code_06029,0.023921769425069826,0.023921769425069826
128,county_code_06031,0.003922791,0.003922791
347,county_code_06033,-0.000378826,0.000378826
314,county_code_06035,0.000600179,0.000600179
28,county_code_06037,-0.039995408,0.039995408
192,county_code_06039,0.001998263,0.001998263
230,county_code_06041,0.001335458,0.001335458
349,county_code_06043,-0.00037684,0.00037684
303,county_code_06045,-0.000638116,0.000638116
117,county_code_06047,0.004488116,0.004488116
513,county_code_06049,1.6076335637265111e-06,1.6076335637265111e-06
459,county_code_06051,-3.29E-05,3.292475477551665e-05
156,county_code_06053,-0.003016828,0.003016828
235,county_code_06055,-0.001291069,0.001291069
315,county_code_06057,0.000590544,0.000590544
54,county_code_06059,-0.015278108,0.015278108017912167
73,county_code_06061,0.009882235,0.009882235
443,county_code_06063,6.742074911310114e-05,6.742074911310114e-05
101,county_code_06065,-0.006258091,0.006258091
44,county_code_06067,0.020854001,0.020854001
312,county_code_06069,0.000605323,0.000605323
100,county_code_06071,0.006355864,0.006355864
168,county_code_06073,0.002674418,0.002674418
208,county_code_06075,0.001739358,0.001739358
132,county_code_06077,0.00375108,0.00375108
159,county_code_06079,0.002988823,0.002988823
400,county_code_06081,-0.000151697,0.000151697
161,county_code_06083,0.002874594,0.002874594
87,county_code_06085,-0.00773302,0.00773302
428,county_code_06087,9.761487372122978e-05,9.761487372122978e-05
111,county_code_06089,0.005008202,0.005008202
451,county_code_06091,4.821006560644676e-05,4.821006560644676e-05
307,county_code_06093,0.000630658,0.000630658
99,county_code_06095,0.006456415,0.006456415
205,county_code_06097,0.00177439,0.00177439
85,county_code_06099,0.007847927,0.007847927
268,county_code_06101,0.000876334,0.000876334
244,county_code_06103,0.001143079,0.001143079
426,county_code_06105,0.000106272,0.000106272
60,county_code_06107,0.013508749803174474,0.013508749803174474
313,county_code_06109,0.000603325,0.000603325
118,county_code_06111,0.004412962,0.004412962
216,county_code_06113,0.001546795,0.001546795
233,county_code_06115,0.001308969,0.001308969
538,county_code_08035,8.178085952000893e-07,8.178085952000893e-07
571,county_code_08043,0,0
533,county_code_08051,9.42662331482505e-07,9.42662331482505e-07
484,county_code_08123,-9.92E-06,9.922232876454053e-06
564,county_code_09001,0,0
563,county_code_09003,0,0
479,county_code_09005,-1.05E-05,1.0475515604496184e-05
475,county_code_12019,-1.12E-05,1.1195591145192281e-05
507,county_code_12057,2.610943955265048e-06,2.610943955265048e-06
530,county_code_12099,9.713454168443656e-07,9.713454168443656e-07
536,county_code_12101,8.644573143208432e-07,8.644573143208432e-07
542,county_code_12115,7.453226974509701e-07,7.453226974509701e-07
541,county_code_13121,7.506058769107145e-07,7.506058769107145e-07
480,county_code_13185,-1.03E-05,1.0254525102433082e-05
486,county_code_13261,-9.59E-06,9.59157633785986e-06
570,county_code_13297,0,0
485,county_code_13311,-9.65E-06,9.64818166874199e-06
537,county_code_16009,8.290037806167285e-07,8.290037806167285e-07
469,county_code_16017,-1.79E-05,1.7940728850970745e-05
504,county_code_16021,3.881434572223904e-06,3.881434572223904e-06
567,county_code_16027,0,0
488,county_code_16049,-9.29E-06,9.294541490766007e-06
500,county_code_16055,-5.50E-06,5.499042062476035e-06
483,county_code_21203,-1.01E-05,1.0067391724573355e-05
510,county_code_21211,2.354129831072384e-06,2.354129831072384e-06
490,county_code_24009,-9.23E-06,9.226898027517138e-06
491,county_code_25021,-9.19E-06,9.193197498721289e-06
482,county_code_28141,-1.01E-05,1.013884431076103e-05
508,county_code_30043,2.5232815313754983e-06,2.5232815313754983e-06
572,county_code_30081,0,0
481,county_code_30093,-1.02E-05,1.0205706842252172e-05
532,county_code_31084,9.429436101913144e-07,9.429436101913144e-07
503,county_code_32003,4.451407354136731e-06,4.451407354136731e-06
543,county_code_32031,7.385861041097298e-07,7.385861041097298e-07
477,county_code_34005,-1.09E-05,1.085123070570124e-05
519,county_code_34017,1.2983770428220472e-06,1.2983770428220472e-06
545,county_code_34025,6.968348085021083e-07,6.968348085021083e-07
525,county_code_34029,1.1534986475181723e-06,1.1534986475181723e-06
531,county_code_34035,9.692256460404272e-07,9.692256460404272e-07
560,county_code_34039,0,0
558,county_code_34041,0,0
487,county_code_35013,-9.38E-06,9.376453662997827e-06
556,county_code_35049,5.3150560949228e-08,5.3150560949228e-08
82,county_code_36001,0.008252307,0.008252307
318,county_code_36003,-0.000584128,0.000584128
89,county_code_36005,-0.007457745,0.007457745
147,county_code_36007,0.003386528,0.003386528
360,county_code_36009,-0.000335956,0.000335956
189,county_code_36011,0.002073518,0.002073518
137,county_code_36013,0.003618576,0.003618576
316,county_code_36015,0.000590444,0.000590444
214,county_code_36017,-0.001568908,0.001568908
247,county_code_36019,-0.001118355,0.001118355
449,county_code_36021,5.010896402803669e-05,5.010896402803669e-05
232,county_code_36023,0.001313714,0.001313714
283,county_code_36025,-0.00077472,0.00077472
375,county_code_36027,-0.0002767,0.0002767
35,county_code_36029,0.028328265699845468,0.028328265699845468
320,county_code_36031,-0.000575276,0.000575276
261,county_code_36033,-0.000905022,0.000905022
444,county_code_36035,-6.43E-05,6.431369491055311e-05
209,county_code_36037,0.001690182,0.001690182
332,county_code_36039,0.000498365,0.000498365
462,county_code_36041,-2.65E-05,2.6526434576127532e-05
259,county_code_36043,-0.000959673,0.000959673
112,county_code_36045,0.004962502,0.004962502
42,county_code_36047,-0.023096574,0.023096573537730924
225,county_code_36049,0.001422943,0.001422943
210,county_code_36051,0.001668498,0.001668498
436,county_code_36053,8.133220963357455e-05,8.133220963357455e-05
32,county_code_36055,0.034518509510812596,0.034518509510812596
377,county_code_36057,-0.000272629,0.000272629
382,county_code_36059,0.000240254,0.000240254
53,county_code_36061,-0.016192492,0.016192491786041315
131,county_code_36063,0.00376161,0.00376161
518,county_code_36065,-1.31E-06,1.314843660492029e-06
52,county_code_36067,0.016272713136515595,0.016272713136515595
179,county_code_36069,0.002364415,0.002364415
165,county_code_36071,-0.002797236,0.002797236
325,county_code_36073,0.000554748,0.000554748
167,county_code_36075,0.00268907,0.00268907
190,county_code_36077,-0.002059487,0.002059487
354,county_code_36079,0.000355575,0.000355575
48,county_code_36081,-0.017101375,0.017101375215133763
157,county_code_36083,0.003014387,0.003014387
185,county_code_36085,0.002173187,0.002173187
250,county_code_36087,-0.001075068,0.001075068
275,county_code_36089,-0.0008176,0.0008176
222,county_code_36091,0.00149039,0.00149039
126,county_code_36093,0.004055688,0.004055688
445,county_code_36095,-6.39E-05,6.392116125437463e-05
397,county_code_36097,-0.000167959,0.000167959
361,county_code_36099,0.000332759,0.000332759
258,county_code_36101,0.000972412,0.000972412
80,county_code_36103,0.008671718,0.008671718
203,county_code_36105,-0.001788701,0.001788701
337,county_code_36107,0.000454322,0.000454322
195,county_code_36109,0.0019289,0.0019289
255,county_code_36111,-0.000998101,0.000998101
279,county_code_36113,0.000801551,0.000801551
284,county_code_36115,-0.000771489,0.000771489
173,county_code_36117,0.002539433,0.002539433
270,county_code_36119,-0.000842927,0.000842927
207,county_code_36121,0.001756426,0.001756426
288,county_code_36123,0.000741899,0.000741899
509,county_code_38105,2.4424198410379945e-06,2.4424198410379945e-06
515,county_code_39079,1.4658118170562847e-06,1.4658118170562847e-06
523,county_code_39105,1.1875516885457433e-06,1.1875516885457433e-06
478,county_code_40019,-1.05E-05,1.0475896968579688e-05
521,county_code_40143,1.2377846492036144e-06,1.2377846492036144e-06
561,county_code_41037,0,0
493,county_code_41067,-8.62E-06,8.624356729590855e-06
526,county_code_42015,1.0906580081544716e-06,1.0906580081544716e-06
568,county_code_42041,0,0
489,county_code_42071,-9.25E-06,9.247913269239135e-06
517,county_code_42077,1.3443940320869271e-06,1.3443940320869271e-06
562,county_code_42115,0,0
557,county_code_47037,2.1094753933934423e-09,2.1094753933934423e-09
520,county_code_47125,1.2517059807205e-06,1.2517059807205e-06
547,county_code_47155,-6.22E-07,6.224359360776546e-07
95,county_code_48001,-0.006831387,0.006831387
155,county_code_48003,-0.003024251,0.003024251
77,county_code_48005,-0.009357048,0.009357048
211,county_code_48007,-0.001582516,0.001582516
333,county_code_48009,0.00049779,0.00049779
433,county_code_48011,8.891318055382013e-05,8.891318055382013e-05
58,county_code_48013,-0.014326516,0.014326516
134,county_code_48015,-0.003703923,0.003703923
394,county_code_48017,-0.000176365,0.000176365
183,county_code_48019,-0.00224048,0.00224048
63,county_code_48021,-0.012809856,0.012809855745871034
442,county_code_48023,6.891569528656708e-05,6.891569528656708e-05
213,county_code_48025,-0.001569252,0.001569252
56,county_code_48027,0.015041651743690902,0.015041651743690902
240,county_code_48029,-0.001211267,0.001211267
358,county_code_48031,-0.000340671,0.000340671
435,county_code_48033,-8.71E-05,8.708949529053708e-05
282,county_code_48035,-0.000786385,0.000786385
171,county_code_48037,-0.00258418,0.00258418
76,county_code_48039,-0.009697433,0.009697433
220,county_code_48041,-0.001519763,0.001519763
387,county_code_48043,-0.000224141,0.000224141
430,county_code_48045,-9.07E-05,9.06779140717907e-05
362,county_code_48047,-0.000327338,0.000327338
219,county_code_48049,-0.001526234,0.001526234
133,county_code_48051,-0.003727453,0.003727453
204,county_code_48053,-0.00177799,0.00177799
84,county_code_48055,-0.007962014,0.007962014
352,county_code_48057,-0.000363855,0.000363855
249,county_code_48059,-0.001087912,0.001087912
135,county_code_48061,-0.003695523,0.003695523
373,county_code_48063,0.000281129,0.000281129
455,county_code_48065,-3.99E-05,3.985593496142941e-05
153,county_code_48067,-0.003036569,0.003036569
336,county_code_48069,-0.000465347,0.000465347
122,county_code_48071,-0.004168578,0.004168578
98,county_code_48073,-0.006493907,0.006493907
350,county_code_48075,-0.000374834,0.000374834
327,county_code_48077,0.000537804,0.000537804
369,county_code_48079,-0.000289474,0.000289474
348,county_code_48081,-0.00037829,0.00037829
272,county_code_48083,-0.000832305,0.000832305
33,county_code_48085,0.034274607144242054,0.034274607144242054
393,county_code_48087,-0.000182359,0.000182359
191,county_code_48089,-0.002056123,0.002056123
291,county_code_48091,-0.000720205,0.000720205
335,county_code_48093,-0.000496525,0.000496525
359,county_code_48095,-0.000338689,0.000338689
245,county_code_48097,-0.001131502,0.001131502
298,county_code_48099,0.000673813,0.000673813
423,county_code_48101,-0.000111254,0.000111254
293,county_code_48103,-0.000712554,0.000712554
411,county_code_48105,-0.000132758,0.000132758
432,county_code_48107,-8.92E-05,8.916724544488072e-05
323,county_code_48109,-0.000571095,0.000571095
265,county_code_48111,-0.000891969,0.000891969
46,county_code_48113,0.017655519995221185,0.017655519995221185
342,county_code_48115,-0.000417834,0.000417834
372,county_code_48117,-0.000285625,0.000285625
340,county_code_48119,-0.000423285,0.000423285
36,county_code_48121,0.027507738266588484,0.027507738266588484
263,county_code_48123,-0.00089716,0.00089716
405,county_code_48125,-0.000139168,0.000139168
281,county_code_48127,-0.000796965,0.000796965
424,county_code_48129,0.000108533,0.000108533
257,county_code_48131,-0.000972683,0.000972683
218,county_code_48133,-0.001527275,0.001527275
31,county_code_48135,-0.036013846,0.036013846
378,county_code_48137,-0.000255286,0.000255286
227,county_code_48139,-0.001405516,0.001405516
93,county_code_48141,0.006974411,0.006974411
429,county_code_48143,-9.71E-05,9.705249492642641e-05
289,county_code_48145,-0.000740516,0.000740516
206,county_code_48147,-0.001767825,0.001767825
202,county_code_48149,-0.00181607,0.00181607
383,county_code_48151,-0.00023851,0.00023851
367,county_code_48153,-0.00029812,0.00029812
467,county_code_48155,-1.92E-05,1.9192652561868516e-05
64,county_code_48157,0.012497269645910566,0.012497269645910566
416,county_code_48159,-0.00011994,0.00011994
199,county_code_48161,-0.001910159,0.001910159
146,county_code_48163,-0.003402174,0.003402174
140,county_code_48165,-0.003601233,0.003601233
106,county_code_48167,0.005402459,0.005402459
296,county_code_48169,-0.00068915,0.00068915
311,county_code_48171,-0.000616146,0.000616146
396,county_code_48173,-0.000174115,0.000174115
302,county_code_48175,-0.00064768,0.00064768
158,county_code_48177,-0.002994494,0.002994494
285,county_code_48179,0.000761199,0.000761199
176,county_code_48181,-0.002479485,0.002479485
274,county_code_48183,0.00081792,0.00081792
124,county_code_48185,-0.004157673,0.004157673
252,county_code_48187,-0.001021946,0.001021946
390,county_code_48189,0.000202476,0.000202476
460,county_code_48191,-3.23E-05,3.2317729431778125e-05
353,county_code_48193,-0.000356314,0.000356314
419,county_code_48195,-0.000114466,0.000114466
399,county_code_48197,-0.000162118,0.000162118
71,county_code_48199,-0.009929918,0.009929918
290,county_code_48201,-0.000723853,0.000723853
102,county_code_48203,-0.006208983,0.006208983
494,county_code_48205,-8.47E-06,8.471777223559997e-06
404,county_code_48207,0.000139433,0.000139433
166,county_code_48209,-0.00273098,0.00273098
446,county_code_48211,-5.90E-05,5.9024368075692215e-05
70,county_code_48213,-0.010500063,0.010500063146625339
62,county_code_48215,-0.01335144,0.013351440488161673
150,county_code_48217,-0.003194274,0.003194274
121,county_code_48219,-0.004183166,0.004183166
388,county_code_48221,0.000215268,0.000215268
276,county_code_48223,-0.000817498,0.000817498
148,county_code_48225,-0.003318558,0.003318558
264,county_code_48227,-0.00089211,0.00089211
260,county_code_48229,-0.000949074,0.000949074
103,county_code_48231,-0.005987762,0.005987762
465,county_code_48233,-2.07E-05,2.0743769630450114e-05
415,county_code_48235,-0.00012333,0.00012333
427,county_code_48237,-0.000101484,0.000101484
271,county_code_48239,-0.000834673,0.000834673
91,county_code_48241,-0.007028736,0.007028736
412,county_code_48243,-0.000128271,0.000128271
163,county_code_48245,0.002843994,0.002843994
343,county_code_48247,-0.000407508,0.000407508
144,county_code_48249,-0.003531285,0.003531285
114,county_code_48251,-0.004803033,0.004803033
248,county_code_48253,-0.001088851,0.001088851
215,county_code_48255,-0.001556289,0.001556289
90,county_code_48257,-0.00715721,0.00715721
251,county_code_48259,0.001044835,0.001044835
438,county_code_48261,-7.76E-05,7.756459291562958e-05
406,county_code_48263,-0.000136847,0.000136847
341,county_code_48265,-0.000418724,0.000418724
371,county_code_48267,-0.000286096,0.000286096
408,county_code_48269,-0.000134542,0.000134542
474,county_code_48271,1.3965048193650943e-05,1.3965048193650943e-05
401,county_code_48273,0.000149631,0.000149631
448,county_code_48275,5.37577656838525e-05,5.37577656838525e-05
328,county_code_48277,-0.000527229,0.000527229
267,county_code_48279,-0.000882958,0.000882958
417,county_code_48281,-0.000118156,0.000118156
294,county_code_48283,-0.000699273,0.000699273
306,county_code_48285,-0.000633217,0.000633217
200,county_code_48287,-0.001877462,0.001877462
180,county_code_48289,-0.002324794,0.002324794
29,county_code_48291,-0.039929911,0.039929911
177,county_code_48293,-0.002455297,0.002455297
495,county_code_48295,8.300894094492786e-06,8.300894094492786e-06
286,county_code_48297,-0.000759624,0.000759624
308,county_code_48299,-0.000626741,0.000626741
461,county_code_48301,-3.23E-05,3.2292201602804846e-05
59,county_code_48303,0.013915759712742755,0.013915759712742755
334,county_code_48305,-0.000497375,0.000497375
386,county_code_48307,-0.000225917,0.000225917
75,county_code_48309,0.009823807,0.009823807
431,county_code_48311,-9.04E-05,9.037416365370743e-05
197,county_code_48313,-0.00191683,0.00191683
243,county_code_48315,-0.001157253,0.001157253
237,county_code_48317,-0.00126851,0.00126851
413,county_code_48319,-0.000125879,0.000125879
223,county_code_48321,-0.001438849,0.001438849
299,county_code_48323,-0.000670404,0.000670404
88,county_code_48325,-0.007468942,0.007468942
379,county_code_48327,-0.000255184,0.000255184
55,county_code_48329,-0.015115304,0.015115303997376825
221,county_code_48331,-0.001503535,0.001503535
376,county_code_48333,-0.00027647,0.00027647
304,county_code_48335,-0.000633782,0.000633782
324,county_code_48337,-0.00056453,0.00056453
45,county_code_48339,-0.019008674,0.019008673708479248
322,county_code_48341,-0.000572562,0.000572562
385,county_code_48343,-0.000230419,0.000230419
440,county_code_48345,-6.97E-05,6.968136089049404e-05
123,county_code_48347,-0.004161988,0.004161988
94,county_code_48349,-0.006871308,0.006871308
145,county_code_48351,-0.003528198,0.003528198
297,county_code_48353,-0.000682136,0.000682136
174,county_code_48355,-0.002538111,0.002538111
339,county_code_48357,0.000437667,0.000437667
434,county_code_48359,-8.83E-05,8.825578674473106e-05
105,county_code_48361,-0.005574938,0.005574938
231,county_code_48363,-0.001313742,0.001313742
139,county_code_48365,-0.003606756,0.003606756
236,county_code_48367,-0.001271419,0.001271419
392,county_code_48369,0.000186268,0.000186268
196,county_code_48371,-0.00192285,0.00192285
86,county_code_48373,-0.007774893,0.007774893
241,county_code_48375,-0.001193578,0.001193578
357,county_code_48377,-0.000344504,0.000344504
254,county_code_48379,-0.001003132,0.001003132
81,county_code_48381,0.008550939,0.008550939
338,county_code_48383,-0.000449076,0.000449076
351,county_code_48385,-0.000369065,0.000369065
301,county_code_48387,-0.000648198,0.000648198
184,county_code_48389,-0.002177597,0.002177597
295,county_code_48391,-0.000693937,0.000693937
470,county_code_48393,-1.71E-05,1.7087012892442282e-05
164,county_code_48395,-0.002832289,0.002832289
143,county_code_48397,0.003533313,0.003533313
395,county_code_48399,-0.000174666,0.000174666
154,county_code_48401,-0.003035239,0.003035239
193,county_code_48403,-0.001970221,0.001970221
238,county_code_48405,-0.001232982,0.001232982
97,county_code_48407,-0.006674221,0.006674221
187,county_code_48409,-0.002112679,0.002112679
407,county_code_48411,-0.00013623,0.00013623
447,county_code_48413,-5.46E-05,5.458192977860179e-05
319,county_code_48415,-0.000579888,0.000579888
384,county_code_48417,0.00023799,0.00023799
149,county_code_48419,-0.003227547,0.003227547
496,county_code_48421,7.739784832361228e-06,7.739784832361228e-06
74,county_code_48423,-0.009863657,0.009863657
421,county_code_48425,-0.000112089,0.000112089
228,county_code_48427,-0.001389835,0.001389835
418,county_code_48429,0.000118129,0.000118129
391,county_code_48431,-0.000199579,0.000199579
463,county_code_48433,-2.61E-05,2.6093952668466093e-05
425,county_code_48435,0.000106452,0.000106452
439,county_code_48437,7.496892099309801e-05,7.496892099309801e-05
27,county_code_48439,0.041027192,0.041027192
108,county_code_48441,0.005269174,0.005269174
499,county_code_48443,-5.68E-06,5.677452112340273e-06
253,county_code_48445,-0.001006171,0.001006171
422,county_code_48447,-0.00011165,0.00011165
331,county_code_48449,0.000502266,0.000502266
152,county_code_48451,0.003052338,0.003052338
127,county_code_48453,0.004026971,0.004026971
170,county_code_48455,-0.002646851,0.002646851
116,county_code_48457,-0.004549729,0.004549729
151,county_code_48459,-0.003177513,0.003177513
262,county_code_48461,-0.000902672,0.000902672
287,county_code_48463,-0.000747153,0.000747153
321,county_code_48465,0.000572901,0.000572901
92,county_code_48467,-0.006990756,0.006990756
142,county_code_48469,-0.003567042,0.003567042
107,county_code_48471,-0.005339436,0.005339436
104,county_code_48473,-0.005975759,0.005975759
182,county_code_48475,-0.002247949,0.002247949
175,county_code_48477,-0.002506432,0.002506432
229,county_code_48479,0.001371999,0.001371999
169,county_code_48481,-0.002663149,0.002663149
366,county_code_48483,-0.00030245,0.00030245
68,county_code_48485,0.010522636431935246,0.010522636431935246
326,county_code_48487,0.000552386,0.000552386
277,county_code_48489,-0.000811572,0.000811572
37,county_code_48491,0.027277212519822437,0.027277212519822437
129,county_code_48493,-0.003896051,0.003896051
239,county_code_48495,-0.001217136,0.001217136
109,county_code_48497,-0.005199343,0.005199343
234,county_code_48499,-0.001302063,0.001302063
266,county_code_48501,-0.000887043,0.000887043
363,county_code_48503,-0.000322566,0.000322566
330,county_code_48505,-0.000510445,0.000510445
256,county_code_48507,-0.000976217,0.000976217
511,county_code_51760,1.7190181536640061e-06,1.7190181536640061e-06
398,county_code_53001,0.000162489,0.000162489
273,county_code_53003,0.000831813,0.000831813
83,county_code_53005,0.008131241,0.008131241
381,county_code_53007,0.000241647,0.000241647
194,county_code_53009,0.001934822,0.001934822
49,county_code_53011,0.016707591995841896,0.016707591995841896
454,county_code_53013,4.028250889852438e-05,4.028250889852438e-05
115,county_code_53015,0.004657983,0.004657983
317,county_code_53017,0.000588806,0.000588806
441,county_code_53019,-6.89E-05,6.894287800949655e-05
120,county_code_53021,0.004276191,0.004276191
452,county_code_53023,4.604655328553489e-05,4.604655328553489e-05
198,county_code_53025,0.001915944,0.001915944
212,county_code_53027,0.001575216,0.001575216
130,county_code_53029,0.003841259,0.003841259
345,county_code_53031,0.000382958,0.000382958
26,county_code_53033,0.044575124,0.044575124
78,county_code_53035,0.009059105,0.009059105
280,county_code_53037,0.000799953,0.000799953
414,county_code_53039,-0.000125345,0.000125345
226,county_code_53041,0.001420068,0.001420068
473,county_code_53043,-1.41E-05,1.4073955281561175e-05
217,county_code_53045,0.001528598,0.001528598
389,county_code_53047,-0.000211841,0.000211841
420,county_code_53049,0.000112437,0.000112437
502,county_code_53051,-5.36E-06,5.361687613283939e-06
39,county_code_53053,0.025089783835161972,0.025089783835161972
300,county_code_53055,-0.000653573,0.000653573
162,county_code_53057,0.002864529,0.002864529
403,county_code_53059,0.00014009,0.00014009
38,county_code_53061,0.025548738916607028,0.025548738916607028
47,county_code_53063,0.017112564301435672,0.017112564301435672
365,county_code_53065,-0.000311728,0.000311728
67,county_code_53067,0.010555101,0.010555101
409,county_code_53069,-0.000134265,0.000134265
242,county_code_53071,0.001168848,0.001168848
119,county_code_53073,0.004299161,0.004299161
292,county_code_53075,0.000716336,0.000716336
370,county_code_53077,-0.000287195,0.000287195
566,county_code_55027,0,0
529,county_code_55051,9.929630198388301e-07,9.929630198388301e-07
544,county_code_60290,7.30581563258901e-07,7.30581563258901e-07
551,county_code_60372,3.62961233402624e-07,3.62961233402624e-07
550,county_code_60375,3.770555245875347e-07,3.770555245875347e-07
554,county_code_60590,3.1894752192958127e-07,3.1894752192958127e-07
552,county_code_60650,3.6147400740853923e-07,3.6147400740853923e-07
549,county_code_60710,3.773752015994983e-07,3.773752015994983e-07
555,county_code_60855,3.025312194702046e-07,3.025312194702046e-07
6,county_code_NA,-0.254091938,0.25409193816613496
498,debt_to_income,-6.25E-06,6.249075881621359e-06
18,derived_sex_Female,0.10104334330104744,0.10104334330104744
17,derived_sex_Male,-0.116667444,0.11666744387078797
22,derived_sex_Other,0.055463415,0.055463415
2,income_log,0.3909698808763795,0.3909698808763795
0,Intercept,-0.162341913,0.16234191290164474
7,interest_rate,0.21985566029014614,0.21985566029014614
528,loan_amount,-1.02E-06,1.020183326579881e-06
355,loan_term,0.00034642,0.00034642
57,loan_to_value,-0.014463682,0.014463681684016993
13,occupancy_type_Principal Residence,-0.148351326,0.14835132618836283
50,occupancy_type_Second Residence,-0.016630471,0.016630471229892682
546,property_value,6.701846687305039e-07,6.701846687305039e-07
505,race_ethnicity_2 or more minority races|Free Form Text Only,-3.49E-06,3.4922978558788873e-06
201,race_ethnicity_2 or more minority races|Hispanic or Latino,-0.00182665,0.00182665
368,race_ethnicity_2 or more minority races|Joint,-0.000293532,0.000293532
186,race_ethnicity_2 or more minority races|Not Hispanic or Latino,-0.002136039,0.002136039
188,race_ethnicity_American Indian or Alaska Native|Ethnicity Not Available,-0.002110135,0.002110135
453,race_ethnicity_American Indian or Alaska Native|Free Form Text Only,-4.26E-05,4.2646254435543955e-05
66,race_ethnicity_American Indian or Alaska Native|Hispanic or Latino,-0.01201407,0.012014070427526134
305,race_ethnicity_American Indian or Alaska Native|Joint,-0.000633376,0.000633376
113,race_ethnicity_American Indian or Alaska Native|Not Hispanic or Latino,-0.004875315,0.004875315
110,race_ethnicity_Asian|Ethnicity Not Available,-0.005117774,0.005117774
329,race_ethnicity_Asian|Free Form Text Only,-0.000513894,0.000513894
141,race_ethnicity_Asian|Hispanic or Latino,-0.003574675,0.003574675
437,race_ethnicity_Asian|Joint,-7.96E-05,7.960599416762962e-05
21,race_ethnicity_Asian|Not Hispanic or Latino,0.059693298,0.059693298
34,race_ethnicity_Black or African American|Ethnicity Not Available,-0.033077512,0.033077511688115104
380,race_ethnicity_Black or African American|Free Form Text Only,-0.000245548,0.000245548
79,race_ethnicity_Black or African American|Hispanic or Latino,-0.008810674,0.008810674
125,race_ethnicity_Black or African American|Joint,-0.004120929,0.004120929
12,race_ethnicity_Black or African American|Not Hispanic or Latino,-0.149995349,0.14999534851606972
497,race_ethnicity_Free Form Text Only|Ethnicity Not Available,6.841694579449786e-06,6.841694579449786e-06
450,race_ethnicity_Free Form Text Only|Free Form Text Only,-4.88E-05,4.877779451855999e-05
364,race_ethnicity_Free Form Text Only|Hispanic or Latino,-0.000312327,0.000312327
472,race_ethnicity_Free Form Text Only|Joint,-1.45E-05,1.4481768100578376e-05
456,race_ethnicity_Free Form Text Only|Not Hispanic or Latino,-3.98E-05,3.976343976007313e-05
224,race_ethnicity_Joint|Ethnicity Not Available,-0.001423667,0.001423667
466,race_ethnicity_Joint|Free Form Text Only,-2.03E-05,2.0292798355470784e-05
160,race_ethnicity_Joint|Hispanic or Latino,-0.002961555,0.002961555
172,race_ethnicity_Joint|Joint,0.002561762,0.002561762
43,race_ethnicity_Joint|Not Hispanic or Latino,0.021278108009575913,0.021278108009575913
309,race_ethnicity_Native Hawaiian or Other Pacific Islander|Ethnicity Not Available,-0.000626238,0.000626238
471,race_ethnicity_Native Hawaiian or Other Pacific Islander|Free Form Text Only,-1.67E-05,1.6661269977617985e-05
178,race_ethnicity_Native Hawaiian or Other Pacific Islander|Hispanic or Latino,-0.002414786,0.002414786
402,race_ethnicity_Native Hawaiian or Other Pacific Islander|Joint,-0.000146033,0.000146033
310,race_ethnicity_Native Hawaiian or Other Pacific Islander|Not Hispanic or Latino,-0.000616287,0.000616287
20,race_ethnicity_Race Not Available|Ethnicity Not Available,0.076906497,0.076906497
410,race_ethnicity_Race Not Available|Free Form Text Only,0.000132998,0.000132998
5,race_ethnicity_Race Not Available|Hispanic or Latino,-0.274509997,0.274509997
96,race_ethnicity_Race Not Available|Joint,-0.006752428,0.006752428
61,race_ethnicity_Race Not Available|Not Hispanic or Latino,-0.013381019,0.013381019024736634
24,race_ethnicity_White|Ethnicity Not Available,-0.052844546,0.052844546
346,race_ethnicity_White|Free Form Text Only,0.000380071,0.000380071
14,race_ethnicity_White|Hispanic or Latino,-0.134332737,0.1343327371495219
41,race_ethnicity_White|Joint,0.023623534405949786,0.023623534405949786
3,race_ethnicity_White|Not Hispanic or Latino,0.37379930359088986,0.37379930359088986
23,state_code_NY,0.053500738,0.053500738
1,state_code_TX,-0.448947894,0.44894789370246396
10,state_code_WA,0.16889196803472528,0.16889196803472528